{
  "fps-sounds/bt_play.wav": 1.995079365079365,
  "bt_play.wav": 1.995079365079365,
  "fps-sounds/logo.wav": 7.3756689342403625,
  "logo.wav": 7.3756689342403625,
  "fps-sounds/m_info_idle.wav": 66.66666666666667,
  "m_info_idle.wav": 66.66666666666667,
  "fps-sounds/m_main.wav": 66.66666666666667,
  "m_main.wav": 66.66666666666667,
  "fs-sounds/fs_intro.wav": 5.647097505668934,
  "fs_intro.wav": 5.647097505668934,
  "fs-sounds/fs_outro.wav": 8.897120181405896,
  "fs_outro.wav": 8.897120181405896,
  "fs-sounds/fs_x2.wav": 1.6272108843537414,
  "fs_x2.wav": 1.6272108843537414,
  "fs-sounds/fs_x3.wav": 1.6042403628117914,
  "fs_x3.wav": 1.6042403628117914,
  "fs-sounds/fs_x4.wav": 1.6155555555555556,
  "fs_x4.wav": 1.6155555555555556,
  "fs-sounds/fs_x5.wav": 1.6231746031746033,
  "fs_x5.wav": 1.6231746031746033,
  "fs-sounds/fs_x6.wav": 2.116734693877551,
  "fs_x6.wav": 2.116734693877551,
  "fs-sounds/m_fs.wav": 36.000022675736965,
  "m_fs.wav": 36.000022675736965,
  "fs-sounds/m_pending.wav": 12,
  "m_pending.wav": 12,
  "main-sounds/anticip_end.wav": 2.0907256235827663,
  "anticip_end.wav": 2.0907256235827663,
  "main-sounds/b_b_off.wav": 0.9708616780045352,
  "b_b_off.wav": 0.9708616780045352,
  "main-sounds/b_b_on.wav": 0.9625623582766439,
  "b_b_on.wav": 0.9625623582766439,
  "main-sounds/bt_buy.wav": 1.169297052154195,
  "bt_buy.wav": 1.169297052154195,
  "main-sounds/bt_buy_confirm.wav": 1.995034013605442,
  "bt_buy_confirm.wav": 1.995034013605442,
  "main-sounds/bt_click.wav": 0.7459863945578231,
  "bt_click.wav": 0.7459863945578231,
  "main-sounds/bt_exit.wav": 0.8000226757369614,
  "bt_exit.wav": 0.8000226757369614,
  "main-sounds/bt_m_click.wav": 0.7459863945578231,
  "bt_m_click.wav": 0.7459863945578231,
  "main-sounds/bt_start.wav": 0.36124716553287983,
  "bt_start.wav": 0.36124716553287983,
  "main-sounds/bt_stop.wav": 0.7624489795918368,
  "bt_stop.wav": 0.7624489795918368,
  "main-sounds/r_anticipation_1.wav": 3,
  "r_anticipation_1.wav": 3,
  "main-sounds/r_anticipation_2.wav": 3.001655328798186,
  "r_anticipation_2.wav": 3.001655328798186,
  "main-sounds/r_anticipation_3.wav": 3,
  "r_anticipation_3.wav": 3,
  "main-sounds/r_mult_appear.wav": 2.4690702947845806,
  "r_mult_appear.wav": 2.4690702947845806,
  "main-sounds/r_spin.wav": 0.933968253968254,
  "r_spin.wav": 0.933968253968254,
  "main-sounds/r_toggle.wav": 1.4711791383219954,
  "r_toggle.wav": 1.4711791383219954,
  "main-sounds/r_win_line.wav": 2.3884580498866215,
  "r_win_line.wav": 2.3884580498866215,
  "main-sounds/stop-reels/r_stop.wav": 0.2035827664399093,
  "r_stop.wav": 0.2035827664399093,
  "main-sounds/stop-reels/s_scatter_1.wav": 3,
  "s_scatter_1.wav": 3,
  "main-sounds/stop-reels/s_scatter_2.wav": 3,
  "s_scatter_2.wav": 3,
  "main-sounds/stop-reels/s_scatter_3.wav": 3,
  "s_scatter_3.wav": 3,
  "main-sounds/stop-reels/s_scatter_4.wav": 3,
  "s_scatter_4.wav": 3,
  "main-sounds/stop-reels/s_scatter_5.wav": 3,
  "s_scatter_5.wav": 3,
  "main-sounds/stop-reels/s_wild.wav": 2.0840589569161,
  "s_wild.wav": 2.0840589569161,
  "main-sounds/wins/big_win.wav": 7.948027210884354,
  "big_win.wav": 7.948027210884354,
  "main-sounds/wins/dwb_0.wav": 1.5567120181405896,
  "dwb_0.wav": 1.5567120181405896,
  "main-sounds/wins/dwb_1.wav": 2.532517006802721,
  "dwb_1.wav": 2.532517006802721,
  "main-sounds/wins/dwb_skip.wav": 1.0578231292517006,
  "dwb_skip.wav": 1.0578231292517006,
  "main-sounds/wins/epic_win.wav": 26.800045351473923,
  "epic_win.wav": 26.800045351473923,
  "main-sounds/wins/huge_win.wav": 19.062267573696147,
  "huge_win.wav": 19.062267573696147,
  "main-sounds/wins/mega_win.wav": 12.63968253968254,
  "mega_win.wav": 12.63968253968254,
  "main-sounds/wins/win_line.wav": 3,
  "win_line.wav": 3,
  "main-sounds/wins/win_skip.wav": 2.406394557823129,
  "win_skip.wav": 2.406394557823129
}
