{
  "fps-sounds/bt_play.wav": 2.6297278911564628,
  "bt_play.wav": 2.6297278911564628,
  "fps-sounds/m_info_idle.wav": 54.85791383219954,
  "m_info_idle.wav": 54.85791383219954,
  "fps-sounds/m_main.wav": 82.28569160997732,
  "m_main.wav": 82.28569160997732,
  "main-sounds/ambience.wav": 61.97120181405896,
  "ambience.wav": 61.97120181405896,
  "main-sounds/bt_buy.wav": 0.7960770975056689,
  "bt_buy.wav": 0.7960770975056689,
  "main-sounds/bt_buy_confirm.wav": 2.0000226757369615,
  "bt_buy_confirm.wav": 2.0000226757369615,
  "main-sounds/bt_exit.wav": 0.5441496598639456,
  "bt_exit.wav": 0.5441496598639456,
  "main-sounds/bt_start.wav": 0.5521315192743764,
  "bt_start.wav": 0.5521315192743764,
  "main-sounds/bt_stop.wav": 1.028843537414966,
  "bt_stop.wav": 1.028843537414966,
  "main-sounds/character/cat_VO_win_1.wav": 1.35297052154195,
  "cat_VO_win_1.wav": 1.35297052154195,
  "main-sounds/character/cat_VO_win_2.wav": 1.1755102040816328,
  "cat_VO_win_2.wav": 1.1755102040816328,
  "main-sounds/character/cat_VO_win_3.wav": 1.0187074829931972,
  "cat_VO_win_3.wav": 1.0187074829931972,
  "main-sounds/character/cat_VO_win_4.wav": 1.1060090702947847,
  "cat_VO_win_4.wav": 1.1060090702947847,
  "main-sounds/character/cat_dis.wav": 2.666689342403628,
  "cat_dis.wav": 2.666689342403628,
  "main-sounds/character/cat_dis_bonus.wav": 2.666689342403628,
  "cat_dis_bonus.wav": 2.666689342403628,
  "main-sounds/character/cat_vo_antcp.wav": 5.479251700680272,
  "cat_vo_antcp.wav": 5.479251700680272,
  "main-sounds/character/cat_vo_antcp_2.wav": 1.3627891156462586,
  "cat_vo_antcp_2.wav": 1.3627891156462586,
  "main-sounds/effects/fs_intro.wav": 6.4143764172335604,
  "fs_intro.wav": 6.4143764172335604,
  "main-sounds/effects/fs_outro.wav": 10.500022675736961,
  "fs_outro.wav": 10.500022675736961,
  "main-sounds/effects/fs_reveal.wav": 2.532721088435374,
  "fs_reveal.wav": 2.532721088435374,
  "main-sounds/effects/fs_rtrg.wav": 7.000793650793651,
  "fs_rtrg.wav": 7.000793650793651,
  "main-sounds/effects/fs_start.wav": 3.796235827664399,
  "fs_start.wav": 3.796235827664399,
  "main-sounds/effects/fs_w_appear.wav": 1.9855555555555555,
  "fs_w_appear.wav": 1.9855555555555555,
  "main-sounds/effects/fs_w_number.wav": 2.7941496598639457,
  "fs_w_number.wav": 2.7941496598639457,
  "main-sounds/effects/fs_w_spin.wav": 3.4285714285714284,
  "fs_w_spin.wav": 3.4285714285714284,
  "main-sounds/effects/fs_w_start.wav": 2.2856009070294783,
  "fs_w_start.wav": 2.2856009070294783,
  "main-sounds/effects/fs_w_stop.wav": 1.5966439909297052,
  "fs_w_stop.wav": 1.5966439909297052,
  "main-sounds/effects/fs_x3.wav": 2.7933786848072564,
  "fs_x3.wav": 2.7933786848072564,
  "main-sounds/effects/fs_x5.wav": 2.831927437641723,
  "fs_x5.wav": 2.831927437641723,
  "main-sounds/effects/fs_x7.wav": 2.7138548752834466,
  "fs_x7.wav": 2.7138548752834466,
  "main-sounds/logo.wav": 4.875873015873016,
  "logo.wav": 4.875873015873016,
  "main-sounds/music/m_fs.wav": 65.0855328798186,
  "m_fs.wav": 65.0855328798186,
  "main-sounds/music/m_fs_super.wav": 62.95160997732426,
  "m_fs_super.wav": 62.95160997732426,
  "main-sounds/music/m_pending.wav": 32.00968253968254,
  "m_pending.wav": 32.00968253968254,
  "main-sounds/reels/antcp.wav": 9.762086167800453,
  "antcp.wav": 9.762086167800453,
  "main-sounds/reels/antcp_end.wav": 3.0030385487528344,
  "antcp_end.wav": 3.0030385487528344,
  "main-sounds/reels/l_toggle.wav": 1.1960090702947845,
  "l_toggle.wav": 1.1960090702947845,
  "main-sounds/reels/r_spin.wav": 0.8952380952380953,
  "r_spin.wav": 0.8952380952380953,
  "main-sounds/stop-reels/r_stop.wav": 0.6118140589569161,
  "r_stop.wav": 0.6118140589569161,
  "main-sounds/stop-reels/s_scatter.wav": 1.2999092970521542,
  "s_scatter.wav": 1.2999092970521542,
  "main-sounds/stop-reels/s_scatter_wild.wav": 1.1228344671201813,
  "s_scatter_wild.wav": 1.1228344671201813,
  "main-sounds/stop-reels/s_wild.wav": 0.9105668934240363,
  "s_wild.wav": 0.9105668934240363,
  "main-sounds/stop-reels/scatter_shine.wav": 3.7672108843537413,
  "scatter_shine.wav": 3.7672108843537413,
  "main-sounds/ui_click.wav": 0.12777777777777777,
  "ui_click.wav": 0.12777777777777777,
  "main-sounds/ui_m_click.wav": 0.12777777777777777,
  "ui_m_click.wav": 0.12777777777777777,
  "main-sounds/wins/5oak.wav": 3.5000226757369615,
  "5oak.wav": 3.5000226757369615,
  "main-sounds/wins/big_win.wav": 11.5,
  "big_win.wav": 11.5,
  "main-sounds/wins/dwb_0.wav": 2.5000226757369615,
  "dwb_0.wav": 2.5000226757369615,
  "main-sounds/wins/dwb_1.wav": 3.5,
  "dwb_1.wav": 3.5,
  "main-sounds/wins/dwb_end.wav": 2.690045351473923,
  "dwb_end.wav": 2.690045351473923,
  "main-sounds/wins/epic_win.wav": 28.00002267573696,
  "epic_win.wav": 28.00002267573696,
  "main-sounds/wins/huge_win.wav": 21,
  "huge_win.wav": 21,
  "main-sounds/wins/mega_win.wav": 16,
  "mega_win.wav": 16,
  "main-sounds/wins/win_skip.wav": 6,
  "win_skip.wav": 6
}
